Date;Pages;Loads
02/04/2017;adpage;6152
03/04/2017;adpage;5618
04/04/2017;adpage;4823
08/04/2017;adpage;1478
06/04/2017;adpage;1361
07/04/2017;adpage;1308
05/04/2017;adpage;1291
14/04/2017;adpage;1003
11/04/2017;adpage;987
10/04/2017;adpage;954
09/04/2017;adpage;941
22/04/2017;adpage;875
12/04/2017;adpage;842
19/04/2017;adpage;837
15/04/2017;adpage;801
13/04/2017;adpage;765
23/04/2017;adpage;763
16/04/2017;adpage;754
27/04/2017;adpage;753
24/04/2017;adpage;750
01/05/2017;adpage;734
21/04/2017;adpage;722
17/04/2017;adpage;717
06/05/2017;adpage;675
20/04/2017;adpage;645
30/04/2017;adpage;605
26/04/2017;adpage;599
09/05/2017;adpage;541
27/05/2017;adpage;515
25/04/2017;adpage;502
28/04/2017;adpage;484
02/05/2017;adpage;478
14/05/2017;adpage;475
13/05/2017;adpage;456
29/04/2017;adpage;451
18/04/2017;adpage;447
21/05/2017;adpage;435
05/05/2017;adpage;428
20/05/2017;adpage;428
07/05/2017;adpage;422
11/05/2017;adpage;422
12/05/2017;adpage;416
18/05/2017;adpage;407
19/06/2017;adpage;397
08/05/2017;adpage;393
04/05/2017;adpage;390
15/05/2017;adpage;371
16/05/2017;adpage;366
28/05/2017;adpage;365
23/05/2017;adpage;359
17/05/2017;adpage;351
02/06/2017;adpage;348
04/06/2017;adpage;348
24/05/2017;adpage;347
26/05/2017;adpage;347
10/06/2017;adpage;341
03/05/2017;adpage;339
30/05/2017;adpage;338
22/05/2017;adpage;332
10/05/2017;adpage;328
01/06/2017;adpage;323
29/05/2017;adpage;319
25/05/2017;adpage;315
25/06/2017;adpage;314
19/05/2017;adpage;301
09/06/2017;adpage;292
21/06/2017;adpage;289
22/06/2017;adpage;278
11/06/2017;adpage;270
03/06/2017;adpage;268
12/06/2017;adpage;259
31/05/2017;adpage;252
28/06/2017;adpage;250
15/06/2017;adpage;246
07/06/2017;adpage;243
08/06/2017;adpage;241
20/06/2017;adpage;240
05/06/2017;adpage;237
23/06/2017;adpage;228
27/06/2017;adpage;226
29/06/2017;adpage;215
17/06/2017;adpage;212
14/06/2017;adpage;204
30/06/2017;adpage;196
16/06/2017;adpage;195
06/06/2017;adpage;194
01/07/2017;adpage;194
24/06/2017;adpage;191
18/06/2017;adpage;178
26/06/2017;adpage;178
13/06/2017;adpage;176
02/07/2017;adpage;171
03/07/2017;adpage;146